year_month,ukr_military_aid_allocated,ukr_financial_aid_allocated,ukr_humanitarian_aid_allocated,total_aid_allocated,rus_monthly_sanctions,inflation_rate_percent_ukr,inflation_rate_percent_rus,tot_events,tot_shell_artil_missile_events,tot_air_drone_strike_events,tot_armed_clash_events,tot_ied_landmine_etc_events,tot_attack_events,tot_fatalities,tot_civ_targetting,civilian_killed,civilian_injuried,civilian_casualties,rus_military_personnel_losses,rus_tank_losses,rus_armored_fighting_vehicle_losses,rus_artillery_system_losses,rus_mlrs_losses,rus_anti_aircraft_warfare_losses,rus_plane_losses,rus_helicopter_losses,rus_uav_losses,rus_cruise_missile_losses,rus_ship_losses,rus_car_cistern_losses,rus_special_equipment_losses,refugees_czechia,refugees_germany,refugees_ireland,refugees_italy,refugees_netherlands,refugees_poland,refugees_romania,refugees_slovakia,refugees_spain,refugees_united_kingdom
2022-02,1.0211,1.9821,0.2093,3.2125,4906,10.7,9.2,393,164,33,139,10,47,539,90,378,469,847,,,,,,,,,,,,,,,,,,,,,,,
2022-03,2.0247,1.812,1.2905,5.1271,2748,13.7,16.7,2307,1196,169,610,46,286,5010,814,4313,3019,7332,3900,414,889,231,56,45,113,100,82,,5,865,14,,,,,,,,,,
2022-04,5.6715,2.3552,1.3698,9.3965,1633,16.4,17.8,2093,1387,148,422,60,76,2836,471,842,1905,2747,5800,401,720,135,55,26,49,24,160,,1,501,8,,,,,,,,,,
2022-05,1.3036,2.8901,1.1916,5.3853,364,18.0,17.1,2913,1900,268,635,42,68,4466,533,589,1152,1741,7200,335,872,208,56,14,16,20,274,36,5,494,17,,780000,32421,125907,60020,1142964,,78756,109541,37400
2022-06,5.4231,1.408,0.7126,7.5438,649,21.5,15.9,3639,2512,392,638,45,52,2970,470,435,1109,1544,5050,216,393,137,39,11,9,11,126,23,2,320,12,382768,867000,38288,141562,66780,1194642,90297,79770,124052,86600
2022-07,2.2392,3.6728,0.917,6.8291,430,22.2,15.1,4410,3326,566,416,56,46,2977,405,390,1154,1544,5280,191,275,136,13,12,6,4,91,31,,302,21,400559,915000,42764,154710,68050,1246315,84527,87027,131771,104000
2022-08,6.3972,5.7651,0.0998,12.2621,212,23.8,14.3,5101,3836,541,569,86,69,3729,494,347,922,1269,7320,229,334,183,28,36,11,15,115,22,,327,22,423374,971000,46481,159968,,1353338,87066,90612,139116,120600
2022-09,3.3864,0.5501,0.7539,4.6905,553,24.6,13.7,4651,3579,422,525,76,49,3837,473,415,986,1401,11260,357,604,282,49,23,30,21,158,50,,547,27,439043,997895,49999,170646,79250,1409139,81621,95375,144668,131700
2022-10,2.8484,2.6962,0.2637,5.8083,216,26.6,12.6,4122,2862,250,899,68,43,5505,394,317,795,1112,12860,344,552,333,47,21,12,31,406,151,1,357,23,455731,1002668,56333,171546,,1469032,87853,98770,150460,140300
2022-11,3.8224,7.069,0.6031,11.4945,163,26.5,12.0,4144,3038,143,831,94,38,5437,346,189,542,731,16970,217,376,174,12,13,4,4,147,134,,298,9,467862,1021667,58511,173231,85210,1521085,94526,102476,155473,147800
2022-12,3.302,1.3649,1.6884,6.3554,760,26.6,11.9,4082,3065,105,814,55,43,3411,324,208,617,825,17280,116,207,117,28,3,3,8,230,192,,279,18,474731,,70070,173231,,1553707,106629,104738,161012,152200
2023-01,10.2774,3.0009,0.1847,13.463,283,26.0,11.8,4199,3359,70,696,42,32,2712,284,205,539,744,21700,178,298,186,35,8,10,15,159,73,2,341,19,486133,1055323,73002,169837,,1563386,108663,107203,161012,158800
2023-02,5.8726,2.3626,0.9721,9.2073,1011,24.9,11.0,4248,3133,157,892,40,26,2396,252,144,457,601,21470,186,256,186,21,26,7,4,104,77,,196,30,494793,,75260,171739,89730,,112575,110444,168654,164500
2023-03,2.8508,1.6912,0.7993,5.3413,164,21.3,3.5,4753,3290,177,1156,93,37,2917,334,183,590,773,24100,221,343,290,48,32,6,3,193,38,,271,66,503698,1056628,78462,173213,,1577289,110921,113253,171865,198700
2023-04,3.8949,6.0514,0.9026,10.849,313,17.9,2.3,4269,3159,304,722,55,29,2912,264,189,493,682,16970,84,211,238,17,16,2,3,228,21,,317,63,516100,1061623,81769,183684,,1583563,104823,114628,174673,202800
2023-05,5.4555,1.593,0.0511,7.0995,511,15.3,2.5,5113,3729,658,613,76,37,3873,404,178,687,865,17410,106,286,553,31,38,5,4,655,175,,394,99,520234,1067856,84392,,94417,1605738,97085,116718,179884,205800
2023-06,3.7702,3.2421,0.4286,7.441,269,12.8,3.3,5445,3666,601,1081,57,40,3465,384,186,693,879,20500,238,390,688,57,56,2,10,414,154,,555,122,345878,1072704,86577,183684,127052,999691,95509,103489,183979,206699
2023-07,3.4828,3.1996,1.042,7.7245,385,11.3,4.3,5174,3322,553,1215,51,33,3495,368,165,690,855,17820,174,337,677,67,73,,3,482,86,,530,138,358224,1079635,90615,167212,,968389,95631,105601,186127,208499
2023-08,2.8712,1.855,0.0078,4.734,870,8.6,5.2,5567,4011,649,827,39,41,4195,395,158,561,719,16800,243,408,691,36,38,,5,394,98,,685,113,364886,1084411,92570,167527,,959875,95158,107415,190369,210799
2023-09,2.486,5.0666,0.2596,7.8122,242,7.1,6.0,5132,3372,970,697,60,33,3102,367,145,548,693,15080,243,378,947,63,37,,,622,84,2,874,102,371982,1094154,94428,167527,136472,,86851,109116,190379,
2023-10,1.4844,1.7148,0.1287,3.3279,73,5.3,6.7,4919,2849,949,1041,51,29,4009,333,181,433,614,22920,521,843,773,48,26,6,8,425,18,,741,86,366010,1114072,97503,168727,,958935,85122,,,
2023-11,0.6961,1.7588,0.138,2.5928,298,5.1,7.5,4588,2753,743,1013,39,40,3808,305,113,363,476,28550,341,538,681,66,39,2,,508,20,2,775,118,370814,1123639,101072,169042,140727,954599,84305,112352,,248261
2023-12,3.3133,3.8875,0.7214,7.9222,1210,5.1,7.4,4449,2634,773,989,36,17,3356,305,127,597,724,29970,419,715,551,31,23,6,,681,142,1,931,140,375588,1125850,102561,,146717,956633,85710,114268,199154,250361
2024-01,1.8438,0.436,0.1233,2.4031,619,4.7,7.4,4601,2482,1049,1024,27,19,3664,328,169,524,693,26220,339,686,746,33,38,3,,479,138,,937,185,381399,,104317,168842,117952,,,115873,192405,
2024-02,3.0282,0.0017,0.6001,3.63,1050,4.3,7.7,4290,2392,953,876,26,43,3912,319,156,360,516,28450,288,809,878,24,28,13,1,658,65,2,939,149,,1139689,,169167,,,78743,,192390,253161
2024-03,2.0867,7.2478,0.1256,9.4602,411,3.2,7.7,5361,3025,1314,930,62,30,5356,414,130,498,628,28200,376,739,976,23,53,2,,963,145,1,1546,215,,1152638,105211,172497,122537,,77249,117266,192380,255061
2024-04,9.0374,1.853,0.159,11.0493,7,3.2,7.8,4564,2208,1255,1034,28,39,3089,348,141,603,744,26960,326,746,942,30,36,1,,781,69,,1423,154,339303,,106353,170578,114122,,77902,118961,202684,237061
2024-05,2.5572,0.061,0.1837,2.8019,376,3.3,8.3,5267,2238,1464,1515,14,36,8653,409,182,732,914,38940,428,880,1160,35,35,9,1,1079,104,1,1831,201,346829,1161172,107092,170578,114382,953896,,120050,202701,239761
2024-06,2.4142,3.3731,1.1027,6.8899,598,4.8,8.6,5004,1605,1936,1414,12,37,9247,459,162,725,887,35030,359,603,1415,23,59,3,,1003,103,1,1707,267,353508,1178608,,172143,,957504,80654,122926,202692,242361
2024-07,5.2967,0.7986,0.1373,6.2326,434,5.4,9.1,5585,1428,2523,1571,23,40,5982,564,248,1118,1366,35680,300,653,1520,21,33,3,,1348,74,,2103,265,,1190255,108541,172818,117842,,162180,,211324,244561
2024-08,0.3818,7.8406,0.0582,8.2807,396,7.5,9.1,6360,1704,2842,1737,22,55,5765,670,204,936,1140,36810,193,557,1517,44,33,5,2,1539,150,,2065,278,370979,1200435,110059,,,970119,,125461,211304,246961
2024-09,4.4348,0.8315,0.7801,6.0464,48,8.6,8.6,6494,1459,3124,1820,27,64,6374,620,215,1268,1483,38130,291,787,1219,28,23,,,1815,56,,1740,323,377729,,110958,173868,120102,,,125939,,248361
2024-10,3.2916,19.0791,0.7187,23.0894,502,9.7,8.5,6814,1328,3281,2103,42,60,8013,568,198,940,1138,41980,279,923,1184,40,31,1,1,1766,15,,2417,265,380373,1212836,111822,,,981335,172572,127016,216957,250034
2024-11,1.3135,0.7013,0.1872,2.2019,175,11.2,8.9,5985,1161,2694,2058,30,42,9356,428,174,912,1086,45720,307,899,884,9,25,,,1715,224,,2469,40,,1222695,112679,171493,121647,985104,175426,128616,216972,251834
2024-12,5.4396,8.8855,0.2911,14.6163,407,12.0,9.5,5877,1293,2124,2395,26,39,9140,345,109,522,631,48670,203,674,609,3,13,,1,1328,151,,2168,53,389999,1234968,113719,171543,121989,,177716,130532,216973,254580
2025-01,2.8787,3.0,0.5935,6.4722,587,12.9,9.9,6908,1614,2866,2364,25,39,7310,443,148,770,918,48240,230,610,961,10,18,,1,2563,51,,2954,55,,1243447,,170388,122894,998070,179822,132120,223913,
2025-02,0.8841,1.6833,0.3521,2.9195,393,13.4,10.1,6619,1372,3202,1978,28,39,6902,471,130,592,722,36570,331,596,1415,38,38,1,,3708,31,,3472,36,398597,,115012,170593,,,,132812,235680,
2025-03,6.947,4.751,0.231,11.929,255,14.6,10.3,972,225,456,283,4,4,1005,68,178,922,1100,41160,272,607,1644,43,35,,4,4060,38,,3545,24,401348,,112445,170998,124029,,182438,132776,,
